iter	RMSE
0	24234311.87
1	24147452.46
2	24101521.77
3	24055192
4	24009861.81
5	23964609.18
6	23920133.92
7	23875447.71
8	23830804.41
9	23787471.81
10	23743280.7
11	23700066.46
12	23656317.29
13	23612709.25
14	23568681.95
15	23525458.24
16	23446618.8
17	23405227.11
18	23302538.77
19	23256352.58
20	23213983.67
21	23173270.94
22	23131118.67
23	23086047.23
24	23044224.12
25	23003969.84
26	22962975.96
27	22920529.31
28	22879947.67
29	22839225.2
30	22798287.18
31	22757495.6
32	22716880.4
33	22677628.19
34	22637885.68
35	22595559.32
36	22555443.78
37	22483175.14
38	22391157.3
39	22351444.45
40	22311851.19
41	22272334.97
42	22233010.36
43	22193129.83
44	22155205.46
45	22113215.3
46	22075637.09
47	22036940.53
48	21999534.36
49	21927862.91
50	21890730.18
51	21851781.44
52	21813642.38
53	21773937.68
54	21736102.72
55	21697343.93
56	21659731.96
57	21622260.35
58	21584902.88
59	21548786.19
60	21510876.44
61	21472899.29
62	21391297.61
63	21352638.95
64	21312193.67
65	21274746.73
66	21235872.46
67	21200526.09
68	21162351.46
69	21123732.42
70	21085056.86
71	21049086.38
72	21013523.1
73	20972055.71
74	20936474.18
75	20899122.22
76	20864280.15
77	20826255.2
78	20787058.73
79	20752111.56
80	20716598.3
81	20681798.13
82	20646286.16
83	20596077.79
84	20558908.18
85	20520751.4
86	20432560.76
87	20367699.21
88	20333119.72
89	20238997.85
90	20157198.14
91	20123469.83
92	20054708.17
93	20004394.4
94	19971067.57
95	19935983.19
96	19899079.88
97	19819252.36
98	19780003.66
99	19738677.46
100	19703354.44
101	19669800.14
102	19633936.76
103	19601315.25
104	19567764.19
105	19535364.26
106	19503051.82
107	19458380.34
108	19426336.03
109	19392684.1
110	19358393.75
111	19295560.38
112	19261484.75
113	19229033.58
114	19195748.75
115	19164614.49
116	19130664.14
117	19090854.31
118	19056930.11
119	19021157.07
120	18990291.27
121	18930853.47
122	18891978.48
123	18834079.48
124	18799923.24
125	18760559.61
126	18728448.09
127	18695769.24
128	18661980.46
129	18627566.89
130	18595157.57
131	18552501.86
132	18490188.71
133	18452499.34
134	18422239.71
135	18332764.91
136	18295778.98
137	18263441.83
138	18232068.8
139	18202810.99
140	18165972.95
141	18124491.45
142	18086951.69
143	18046400.68
144	18014379.76
145	17950595.57
146	17919253.81
147	17883631.16
148	17847279.34
149	17814265.64
150	17734361.98
151	17703915.4
152	17673028.63
153	17634884.59
154	17604498.96
155	17572151.59
156	17538716.75
157	17503215.04
158	17471713.02
159	17441483.9
160	17350633.95
161	17321139.57
162	17291830.39
163	17262556.95
164	17228442.02
165	17199571.86
166	17168823.65
167	17139651.31
168	17110767.32
169	17080499.41
170	17049881.89
171	17019332.84
172	16990319.12
173	16961970.73
174	16928146.74
175	16899953.64
176	16867236.04
177	16839230.36
178	16811320.93
179	16783507.16
180	16755769.48
181	16728427.42
182	16700899.97
183	16673470.62
184	16644415.71
185	16615424.43
186	16586884.68
187	16560090.63
188	16533076.13
189	16506172.87
190	16479641.55
191	16453196.44
192	16426846.68
193	16394997.21
194	16363468.96
195	16337056.86
196	16311012.18
197	16222282.78
198	16128625.99
199	16040603.52
200	16012880.43
201	15987261.66
202	15959266.41
203	15931935.21
204	15839291.88
205	15813349.94
206	15788124.85
207	15701865.61
208	15619519.41
209	15536034.72
210	15449041.51
211	15364998.75
212	15265207.04
213	15195330.01
214	15068840.16
215	15038798.8
216	14959214.42
217	14929461.59
218	14899815.21
219	14870274.84
220	14802235.2
221	14751826.73
222	14652651.98
223	14623652.65
224	14558060.19
225	14478419.51
226	14429372.8
227	14392329.46
228	14357302.05
229	14276841.23
230	14242438.67
231	14164745.39
232	14087419.46
233	14040860.86
234	14007573.45
235	13959866.8
236	13896634.05
237	13834321.14
238	13787761.54
239	13727663.53
240	13655810.59
241	13612316.19
242	13553443.66
243	13505372.87
244	13446094.71
245	13412926.88
246	13369263.24
247	13339723.97
248	13298216.1
249	13240737.58
250	13184032.31
251	13151904.13
252	13119931.09
253	13070637.58
254	13038996.44
255	12991534.25
256	12944587.71
257	12914687.2
258	12868222.19
259	12839171.06
260	12794232.52
261	12765424.3
262	12736747.29
263	12693829.76
264	12665797.57
265	12622157.3
266	12594541.82
267	12566692.96
268	12538548.12
269	12510468.7
270	12482962.95
271	12455588.95
272	12428130.44
273	12400828.21
274	12373550.31
275	12346395.63
276	12319362.01
277	12292447.41
278	12265649.96
279	12239445.45
280	12212865.98
281	12186427.89
282	12159673.1
283	12133465.08
284	12107366.58
285	12080936.27
286	12042674.32
287	12018757.33
288	11995036.94
289	11968654.77
290	11943569.65
291	11919708.65
292	11893797.6
293	11869403.95
294	11843529.59
295	11817815.71
296	11793011.44
297	11768254.02
298	11744682.17
299	11722494.77
300	11700031.79
301	11678042.69
302	11653798.28
303	11631326.29
304	11608971.33
305	11586730.63
306	11564919.64
307	11543725.12
308	11522628.59
309	11501627.59
310	11480719.82
311	11459903.22
312	11439175.86
313	11418535.99
314	11397982.01
315	11377512.42
316	11357125.85
317	11337287.06
318	11317050.86
319	11296922.21
320	11277744.48
321	11257759.06
322	11238226.71
323	11218769.56
324	11198979.04
325	11179259.93
326	11159611.74
327	11139614.95
328	11120731.72
329	11101275.89
330	11081889.49
331	11062940.74
332	11043626.39
333	11024514.12
334	11005728.89
335	10987507.46
336	10969357.15
337	10951277.18
338	10932328.49
339	10913831.35
340	10895394.11
341	10877553.61
342	10859230.68
343	10841512.57
344	10823534.91
345	10805617.16
346	10787523.59
347	10769488
348	10752215.75
349	10734526.17
350	10717368.26
351	10699790
352	10682745.18
353	10665632.46
354	10648707.13
355	10631852.65
356	10615039.8
357	10597779.8
358	10581444.48
359	10565157.96
360	10548932.7
361	10532762
362	10515765.77
363	10498824.95
364	10481939.32
365	10465108.71
366	10448332.9
367	10432431.83
368	10415761.05
369	10400002.34
370	10384296.28
371	10368658.44
372	10352174.99
373	10336621.76
374	10319931.75
375	10304478.63
376	10289098.7
377	10273770.27
378	10258486.43
379	10243237.9
380	10228040.06
381	10212907.8
382	10197810.71
383	10182763.76
384	10167766.77
385	10152819.58
386	10137042.44
387	10121398.46
388	10106594.51
389	10091855.2
390	10077164.77
391	10062508.01
392	10047900.19
393	10032673.09
394	10018160.95
395	10003697.1
396	9989278.499
397	9919264.704
398	9904902.464
399	9889726.341
400	9875458.875
401	9806779.602
402	9791493.225
403	9777318.68
404	9762365.477
405	9696484.309
406	9631906.75
407	9616852.769
408	9602048.965
409	9538646.262
410	9475264.601
411	9422762.113
412	9371419.215
413	9356273.745
414	9340222.9
415	9325217.39
416	9275376.32
417	9227132.671
418	9180001.643
419	9133069.978
420	9087137.429
421	9041757.44
422	8997443.461
423	8955966.022
424	8927901.186
425	8888395.668
426	8867412.082
427	8846540.142
428	8806767.457
429	8786233.086
430	8739946.225
431	8709716.934
432	8689654.582
433	8652074.629
434	8622796.451
435	8602909.992
436	8573507.945
437	8553474.666
438	8531953.358
439	8502741.403
440	8474339.182
441	8453384.465
442	8425552.264
443	8406531.636
444	8377097.688
445	8349286.403
446	8322662.194
447	8304208.203
448	8287227.408
449	8270553.766
450	8254368.262
451	8238317.25
452	8222335.886
453	8206423.193
454	8190471.792
455	8165145.683
456	8149421.495
457	8133763.765
458	8117422.75
459	8091782.2
460	8076297.468
461	8060877.603
462	8036342.706
463	8010871.047
464	7994464.833
465	7972790.208
466	7948617.094
467	7933501.814
468	7918520.586
469	7903527.966
470	7887672.346
471	7872157.553
472	7856456.222
473	7841716.701
474	7818069.516
475	7802378.952
476	7787801.326
477	7772742.034
478	7757826.842
479	7743181.933
480	7728406.995
481	7713282.355
482	7698834.282
483	7684410.855
484	7670087.587
485	7656042.941
486	7642135.233
487	7627989.851
488	7614141.227
489	7600355.137
490	7586531.663
491	7573255.026
492	7560046.279
493	7547005.676
494	7533921.882
495	7521001.267
496	7508140.245
497	7495485.403
498	7482821.338
499	7470335.307
500	7457947.776
501	7445618.281
502	7433345.341
503	7421380.728
504	7409473.265
505	7397621.384
506	7385615.953
507	7373660.039
508	7362211.375
509	7350351.062
510	7338537.862
511	7326975.554
512	7315189.729
513	7303452.892
514	7291820.288
515	7280175.925
516	7268578.779
517	7257028.3
518	7245523.975
519	7234256.817
520	7222521.67
521	7211272.59
522	7199932.822
523	7189164.401
524	7178440.3
525	7166895.379
526	7155394.871
527	7144784.337
528	7133362.658
529	7121984.776
530	7111124.594
531	7100662.955
532	7090242.362
533	7079754.861
534	7069412.318
535	7058246.655
536	7047867.371
537	7037531.758
538	7026990.411
539	7016418.512
540	7006213.122
541	6996005.085
542	6985841.077
543	6975768.825
544	6965675.996
545	6955803.802
546	6945963.761
547	6935785.824
548	6925600.959
549	6915709.43
550	6905958.684
551	6896135.798
552	6886471.991
553	6876688.223
554	6867092.577
555	6857503.053
556	6847847.97
557	6838161.438
558	6828607.377
559	6819460.865
560	6810064.614
561	6800701.98
562	6791394.273
563	6782119.143
564	6772876.436
565	6763666.007
566	6754487.714
567	6745336.226
568	6736221.574
569	6727058.113
570	6718002.615
571	6708942.829
572	6699859.129
573	6690900.599
574	6681935.541
575	6673039.085
576	6664137
577	6655551.426
578	6646735.967
579	6637883.252
580	6629139.1
581	6620425.453
582	6611671.287
583	6602983.822
584	6563114.241
585	6554477.687
586	6523208.302
587	6514372.056
588	6505731.15
589	6497090.369
590	6488350.703
591	6457010.444
592	6448308.719
593	6439637.562
594	6430809.491
595	6421872.026
596	6380071.562
597	6371558.138
598	6363006.631
599	6354486.452
600	6325997.745
601	6317393.343
602	6308640.712
603	6300157.22
604	6291769.995
605	6283403.231
606	6275146.637
607	6266849.339
608	6258574.071
609	6250269.601
610	6241957
611	6233720.113
612	6225573.114
613	6217500.807
614	6209411.934
615	6201289.692
616	6193317.444
617	6185276.456
618	6177502.697
619	6169551.532
620	6161779.96
621	6153945.78
622	6146083.408
623	6138201.514
624	6130366.127
625	6122462.237
626	6114934.737
627	6079506.029
628	6071652.668
629	6043669.64
630	6036023.913
631	6028239.263
632	6001045.75
633	5993423.16
634	5968349.628
635	5960485.614
636	5952931.045
637	5944664.741
638	5937043.4
639	5929349.282
640	5892702.452
641	5885256.979
642	5877566.167
643	5848535.84
644	5841156.572
645	5833694.716
646	5826261.821
647	5818716.678
648	5792904.58
649	5785621.511
650	5762876.561
651	5739949.386
652	5732714.282
653	5725050.51
654	5706250.775
655	5684180.964
656	5676435.913
657	5669289.407
658	5661747.41
659	5654640.608
660	5647401.389
661	5640385.015
662	5618828.833
663	5611419.469
664	5604466.509
665	5597548.478
666	5590664.406
667	5583369.212
668	5576032.914
669	5569235.094
670	5558934.891
671	5552177.896
672	5545452.647
673	5538758.421
674	5531707.612
675	5510278.268
676	5503042.924
677	5484990.352
678	5477746.444
679	5470775.868
680	5463806.383
681	5457271.383
682	5436971.588
683	5430079.675
684	5423215.4
685	5416480.611
686	5409690.458
687	5402722.225
688	5395964.209
689	5389620.276
690	5382913.282
691	5376251.285
692	5369984.097
693	5363807.204
694	5357320.039
695	5350856.931
696	5344292.96
697	5337799.165
698	5331330.324
699	5325130.573
700	5319054.675
701	5313028.214
702	5307083.514
703	5301101.877
704	5295179.117
705	5288714.973
706	5282848.078
707	5276401.019
708	5270578.64
709	5264184.181
710	5258405.699
711	5252487.665
712	5246524.202
713	5240865.348
714	5235066.822
715	5229241.983
716	5223486.936
717	5217682.943
718	5212047.845
719	5206415.368
720	5200615.1
721	5194843.021
722	5188691.738
723	5183026.582
724	5177376.567
725	5171755.178
726	5166157.537
727	5160566.584
728	5155011.761
729	5149763.144
730	5144293.915
731	5138705.375
732	5133231.873
733	5127771.301
734	5122457.091
735	5116951.041
736	5111083.531
737	5105815.696
738	5100591.694
739	5095374.582
740	5090211.813
741	5084996.9
742	5080002.83
743	5074809.297
744	5069709.66
745	5064463.995
746	5059327.591
747	5054118.242
748	5049102.729
749	5044094.362
750	5039113.322
751	5034079.102
752	5029131.219
753	5024197.081
754	5018661.068
755	5013768.656
756	5008660.806
757	5003786.91
758	4998945.718
759	4993967.773
760	4989144.305
761	4984145.418
762	4954525.12
763	4949742.227
764	4944856.509
765	4940009.575
766	4935253.527
767	4930436.423
768	4925772.731
769	4920888.245
770	4916102.694
771	4895857.034
772	4891110.905
773	4886405.644
774	4881877.024
775	4877194.419
776	4848239.494
777	4843579.308
778	4838842.485
779	4833777.232
780	4829258.982
781	4824658.261
782	4796532.81
783	4777722.045
784	4772768.222
785	4768318.651
786	4763716.38
787	4759202
788	4754318.082
789	4749454.333
790	4744610.594
791	4739786.712
792	4735315.926
793	4730528.934
794	4726120.715
795	4721350.101
796	4694586.168
797	4668311.805
798	4664065.388
799	4659472.603
800	4655031.83
801	4650397.046
802	4646090.511
803	4618906.671
804	4614334.939
805	4609984.654
806	4605346.801
807	4600707.623
808	4596204.678
809	4591680.807
810	4587507.353
811	4571125.795
812	4566786.773
813	4562441.345
814	4558113.571
815	4541581.836
816	4522870.252
817	4506808.058
818	4491631.159
819	4487352.758
820	4471848.967
821	4467653.412
822	4463049.816
823	4449585.846
824	4436256.238
825	4414972.121
826	4402049.767
827	4397390.312
828	4379645.947
829	4375014.232
830	4362051.877
831	4342205.74
832	4329953.755
833	4312208.427
834	4289247.031
835	4271127
836	4266340.475
837	4261609.98
838	4250030.202
839	4238609.017
840	4226608.706
841	4216704.563
842	4205779.899
843	4194834.801
844	4184009.126
845	4170640.164
846	4165862.727
847	4155382.888
848	4146587.285
849	4136262.598
850	4129099.563
851	4118866.333
852	4107740.887
853	4096617.419
854	4087450.202
855	4078581.482
856	4068192.458
857	4061082.285
858	4050786.467
859	4040298.224
860	4026590.089
861	4020108.886
862	4004884.921
863	3998454.82
864	3992301.495
865	3987278.849
866	3982337.986
867	3977538.116
868	3971638.915
869	3966436.249
870	3961573.941
871	3956790.477
872	3952371.601
873	3947440.152
874	3942746.937
875	3938368.872
876	3933708.025
877	3929629.584
878	3925587.525
879	3921415.118
880	3917046.455
881	3913101.503
882	3909278.25
883	3905464.883
884	3901509.895
885	3897632.108
886	3893406.618
887	3889680.091
888	3885870.841
889	3882230.192
890	3878617.258
891	3874781.324
892	3871163.274
893	3867463.674
894	3863869.747
895	3860266.484
896	3856736.336
897	3853375.781
898	3849855.658
899	3846577.835
900	3843096.543
901	3839508.043
902	3836080.388
903	3832699.134
904	3829404.172
905	3826214.984
906	3822920.641
907	3819718.871
908	3816401.935
909	3813178.314
910	3809919.128
911	3806725.704
912	3803430.576
913	3800350.907
914	3797311.616
915	3793974.241
916	3790652.991
917	3787740.132
918	3784627.888
919	3781424.98
920	3778448.656
921	3775196.795
922	3772345.156
923	3769337.123
924	3766515.475
925	3763603.693
926	3760828.837
927	3757941.259
928	3754940.393
929	3752171.017
930	3749443.476
931	3746682.043
932	3743949.577
933	3741212.174
934	3738532.125
935	3735994.366
936	3733334.161
937	3730817.829
938	3727981.541
939	3725312.501
940	3722655.34
941	3719909.188
942	3717293.071
943	3714682.456
944	3712139.912
945	3709650.405
946	3707111.535
947	3704427.78
948	3701947.926
949	3699410.772
950	3696724.109
951	3694083.398
952	3691479.595
953	3688861.527
954	3686250.139
955	3683481.908
956	3680882.21
957	3678464.082
958	3675983.729
959	3673429.546
960	3670890.893
961	3668481.261
962	3666046.287
963	3663626.456
964	3661368.511
965	3659063.266
966	3656776.66
967	3654384.164
968	3652050.387
969	3649739.919
970	3647530.445
971	3645347.644
972	3643118.285
973	3640841.332
974	3638563.65
975	3636159.509
976	3633767.159
977	3631583.598
978	3629302.223
979	3627181.215
980	3624779.824
981	3622405.738
982	3620068.738
983	3617972.424
984	3615753.758
985	3613695.338
986	3611491.119
987	3609193.434
988	3606893.355
989	3604815.825
990	3602552.893
991	3600301.182
992	3598143.068
993	3596102.745
994	3594086.389
995	3591870.522
996	3589638.95
997	3587510.167
998	3585386.442
999	3583426.444
1000	3581341.639
1001	3562725.45
1002	3560567.334
1003	3558505.962
1004	3556211.911
1005	3554095.668
1006	3551924.111
1007	3549821.547
1008	3533801.171
1009	3531796.822
1010	3529718.265
1011	3527728.723
1012	3525508.025
1013	3523587.967
1014	3507371.48
1015	3505235.796
1016	3503124.185
1017	3501174.52
1018	3499003.101
1019	3497077.536
1020	3483398.779
1021	3481479.25
1022	3479435.682
1023	3477660.271
1024	3475759.826
1025	3473742.546
1026	3471946.131
1027	3470002.862
1028	3456747.491
1029	3454890.362
1030	3453043.128
1031	3450814.03
1032	3433625.84
1033	3431904.668
1034	3430208.777
1035	3428471.036
1036	3426598.313
1037	3424753.679
1038	3423089.343
1039	3421304.636
1040	3419605.377
1041	3417848.414
1042	3416137.529
1043	3414406.222
1044	3412786.647
1045	3411066.097
1046	3409419.538
1047	3407673.017
1048	3405950.839
1049	3404374.301
1050	3402691.43
1051	3388359.846
1052	3386667.96
1053	3384984.366
1054	3383314.995
1055	3369083.368
1056	3355807.099
1057	3354236.253
1058	3352338.957
1059	3350678.537
1060	3348824.848
1061	3347089.528
1062	3345585.134
1063	3343984.715
1064	3342396.21
1065	3340874.297
1066	3339295.486
1067	3337736.669
1068	3336184.297
1069	3334416.808
1070	3319844.247
1071	3318177.536
1072	3316693.245
1073	3315042.064
1074	3313618.025
1075	3312074.032
1076	3310573.698
1077	3297918.355
1078	3296409.259
1079	3294648.049
1080	3282760.869
1081	3281162.943
1082	3267822.269
1083	3266236.722
1084	3264754.469
1085	3263186.112
1086	3261657.868
1087	3259884.409
1088	3247491.304
1089	3246136.147
1090	3235371.031
1091	3233885.432
1092	3232265.492
1093	3230515.354
1094	3229051.66
1095	3227696.435
1096	3226228.005
1097	3224766.539
1098	3223184.908
1099	3221736.832
1100	3220201.513
1101	3218906.763
1102	3217439.985
1103	3215871.072
1104	3214615.25
1105	3213270.512
1106	3211945.642
1107	3210625.782
1108	3209381.92
1109	3208035.969
1110	3206620.903
1111	3205374.974
1112	3204037.457
1113	3202679.777
1114	3201443.459
1115	3200110.138
1116	3198779.544
1117	3197518.137
1118	3186251.746
1119	3185071.532
1120	3183893.002
1121	3182568.97
1122	3181413.145
1123	3180252.824
1124	3179071.562
1125	3177777.004
1126	3176523.568
1127	3175347.249
1128	3174224.098
1129	3162921.887
1130	3161584.343
1131	3160462.021
1132	3159198.439
1133	3158099.063
1134	3157005.974
1135	3155848.432
1136	3154739.261
1137	3153451.343
1138	3146000.283
1139	3144890.776
1140	3143567.532
1141	3131957.989
1142	3130778.52
1143	3129412.024
1144	3128362.529
1145	3127274.246
1146	3126078.951
1147	3124992.965
1148	3123889.734
1149	3122865.77
1150	3121809.036
1151	3120745.291
1152	3119725.701
1153	3108822.093
1154	3099888.029
1155	3098763.777
1156	3097755.302
1157	3096762.55
1158	3095724.767
1159	3085412.889
1160	3075694.639
1161	3068371.253
1162	3059941.015
1163	3058617.117
1164	3057611.818
1165	3056557.689
1166	3055584.472
1167	3054388.069
1168	3053220.401
1169	3052242.082
1170	3051211.187
1171	3050262.335
1172	3049221.312
1173	3048285.84
1174	3047332.695
1175	3046250.33
1176	3036795.121
1177	3035286.525
1178	3026032.797
1179	3025116.247
1180	3024191.399
1181	3023285.254
1182	3011837.687
1183	3010875.027
1184	3001984.315
1185	3001030.798
1186	2999944.711
1187	2999060.311
1188	2989890.22
1189	2989008.469
1190	2980252.282
1191	2978967.97
1192	2978047.142
1193	2977180.546
1194	2976252.19
1195	2975367.643
1196	2974493.581
1197	2973640.353
1198	2972795.503
1199	2971910.228
1200	2971071.73
1201	2970112.363
1202	2968923.403
1203	2968098.366
1204	2967271.843
1205	2966424.774
1206	2965575.139
1207	2964768.213
1208	2963959.631
1209	2963145.569
1210	2962358.857
1211	2961548.908
1212	2960745.279
1213	2959747.876
1214	2958724.284
1215	2957942.423
1216	2957149.413
1217	2956332.831
1218	2955564.648
1219	2954745.106
1220	2953955.391
1221	2953196.437
1222	2952397.314
1223	2951627.838
1224	2950870.316
1225	2950108.449
1226	2949378.269
1227	2948625.543
1228	2947805.244
1229	2947033.353
1230	2946266.424
1231	2938329.909
1232	2937593.627
1233	2936877.657
1234	2927531.074
1235	2926824.837
1236	2918629.798
1237	2917874.084
1238	2917098.629
1239	2916058.749
1240	2915174.191
1241	2914489.584
1242	2913806.213
1243	2913118.002
1244	2912405.004
1245	2911719.893
1246	2911025.29
1247	2910301.326
1248	2909643.393
1249	2908909.921
1250	2908202.432
1251	2898826.766
1252	2898155.413
1253	2897507.221
1254	2896838.883
1255	2896193.729
1256	2895487.691
1257	2890940.286
1258	2890264.837
1259	2889621.961
1260	2888985.711
1261	2883166.842
1262	2874163.752
1263	2865868.673
1264	2857394.482
1265	2856752.452
1266	2855966.601
1267	2855351.054
1268	2854711.876
1269	2854068.216
1270	2853429.194
1271	2852814.235
1272	2852176.966
1273	2843109.637
1274	2834897.95
1275	2829121.692
1276	2828507.74
1277	2827780.553
1278	2826861.972
1279	2825902.491
1280	2824939.176
1281	2820005.758
1282	2819421.348
1283	2818838.522
1284	2811526.611
1285	2803945.875
1286	2796642.308
1287	2795877.814
1288	2795053.137
1289	2790487.16
1290	2782358.101
1291	2781769.129
1292	2781039.418
1293	2780477.192
1294	2779815.909
1295	2779161.326
1296	2772611.567
1297	2767782.243
1298	2767060
1299	2766219.889
1300	2765506.587
1301	2764958.193
1302	2764404.188
1303	2763774.876
1304	2762937.533
1305	2762395.183
1306	2761870.172
1307	2761354.374
1308	2760542.727
1309	2759928.664
1310	2759105.235
1311	2758500.131
1312	2757974.085
1313	2757449.376
1314	2756939.501
1315	2756378.24
1316	2755866.517
1317	2755338.53
1318	2754824.649
1319	2754316.964
1320	2753825.646
1321	2753278.621
1322	2752781.389
1323	2751947.425
1324	2751459.122
1325	2750761.447
1326	2750000.268
1327	2749525.905
1328	2748992.737
1329	2748533.645
1330	2744165.528
1331	2743684.301
1332	2742920.767
1333	2742415.559
1334	2741923.41
1335	2735681.777
1336	2735215.039
1337	2734748.288
1338	2734287.555
1339	2733819.834
1340	2733370.998
1341	2732909.049
1342	2732456.522
1343	2732000.998
1344	2731514.262
1345	2725921.573
1346	2725434.505
1347	2724928.768
1348	2724481.337
1349	2724053.857
1350	2723593.02
1351	2723128.333
1352	2722412.898
1353	2721992.289
1354	2721533.613
1355	2715006.629
1356	2709987.618
1357	2709571.654
1358	2709125.129
1359	2708672.677
1360	2708211.479
1361	2707752.357
1362	2707332.3
1363	2701117.542
1364	2693660.34
1365	2693226.553
1366	2692526.832
1367	2692122.14
1368	2691420.275
1369	2691016.136
1370	2685704.607
1371	2679983.586
1372	2679580.428
1373	2679105.64
1374	2678478.298
1375	2677826.698
1376	2671060.361
1377	2670638.622
1378	2664997.614
1379	2664348.125
1380	2663733.662
1381	2663357.544
1382	2659864.661
1383	2659262.355
1384	2653561.657
1385	2649829.145
1386	2649447.273
1387	2645297.652
1388	2641354.987
1389	2635273.775
1390	2634865.627
1391	2634293.366
1392	2629269.955
1393	2628626.864
1394	2621225.205
1395	2617034.754
1396	2616676.634
1397	2616313.708
1398	2611052.551
1399	2610496.295
1400	2608908.306
1401	2608566.84
1402	2602487.022
1403	2602137.599
1404	2601804.753
1405	2596445.428
1406	2596102.918
1407	2595770.515
1408	2595397.665
1409	2594380.107
1410	2590909.599
1411	2590570.843
1412	2590248.479
1413	2589904.113
1414	2584997.045
1415	2584654.19
1416	2579650.789
1417	2576272.551
1418	2572853.747
1419	2566369.105
1420	2565695.998
1421	2560320.363
1422	2559991.582
1423	2559673.531
1424	2559347.606
1425	2553253.163
1426	2552936.58
1427	2552573.466
1428	2552264.844
1429	2545293.383
1430	2544990.593
1431	2544656.425
1432	2544081.651
1433	2543600.805
1434	2543299.861
1435	2543013.597
1436	2542690.074
1437	2542403.832
1438	2542114.395
1439	2541644.93
1440	2541363.993
1441	2541059.895
1442	2540780.095
1443	2540492.724
1444	2540212.387
1445	2539935.327
1446	2539660.659
1447	2539016.771
1448	2538721.937
1449	2538237.42
1450	2537910.645
1451	2537620.04
1452	2537352.492
1453	2536906.858
1454	2536643.713
1455	2536360.152
1456	2536073.736
1457	2535807.17
1458	2535555.977
1459	2535259.584
1460	2535001.135
1461	2531819.88
1462	2531568.763
1463	2531285.248
1464	2531035.318
1465	2530766.931
1466	2530511.69
1467	2530264.277
1468	2529949.063
1469	2529702.748
1470	2529428.197
1471	2529175.679
1472	2528888.998
1473	2528483.993
1474	2528245.075
1475	2527901.938
1476	2527663.708
1477	2527427.91
1478	2527186.219
1479	2526950.716
1480	2526582.531
1481	2526343.73
1482	2526061.133
1483	2525824.084
1484	2525402.19
1485	2525134.419
1486	2524854.915
1487	2524603.044
1488	2524336.102
1489	2524070.361
1490	2523845.547
1491	2523576.906
1492	2518046.989
1493	2511987.315
1494	2511584.371
1495	2511308.457
1496	2508236.172
1497	2507951.482
1498	2503452.336
1499	2503223.803
1500	2500647.777
1501	2500273.922
1502	2499896.452
1503	2492939.43
1504	2492731.217
1505	2492500.461
1506	2492127.154
1507	2488205.569
1508	2487822.494
1509	2487607.936
1510	2487370.289
1511	2487152.026
1512	2486609.308
1513	2486397.657
1514	2486141.96
1515	2483997.907
1516	2480865.417
1517	2480476.562
1518	2480271.196
1519	2478048.317
1520	2477619.008
1521	2477140.474
1522	2471294.17
1523	2467089.667
1524	2463615.577
1525	2459641.43
1526	2459446.621
1527	2459196.476
1528	2454593.462
1529	2449981.656
1530	2448542.626
1531	2447978.916
1532	2447782.757
1533	2446626.251
1534	2445028.142
1535	2438636.926
1536	2438372.123
1537	2438155.995
1538	2437969.356
1539	2437723.104
1540	2432446.145
1541	2432258.63
1542	2431755.797
1543	2426403.924
1544	2426193.819
1545	2426012.848
1546	2421892.895
1547	2421717.901
1548	2421326.102
1549	2421128.023
1550	2417290.723
1551	2417124.419
1552	2416930.986
1553	2416767.407
1554	2416594.92
1555	2414863.215
1556	2414662.041
1557	2414275.833
1558	2414104.16
1559	2413865.038
1560	2413683.858
1561	2413516.701
1562	2410589.834
1563	2410396.455
1564	2406525.057
1565	2406331.518
1566	2406176.141
1567	2405983.283
1568	2405659.505
1569	2405476.16
1570	2405185.356
1571	2404839.845
1572	2404678.739
1573	2404511.554
1574	2399328.761
1575	2399161.729
1576	2393147.904
1577	2392989.83
1578	2392803.938
1579	2392583.402
1580	2390721.058
1581	2390560.197
1582	2386605.135
1583	2386461.685
1584	2386176.53
1585	2386002.042
1586	2385818.815
1587	2385640.815
1588	2385444.692
1589	2385243.623
1590	2384996.628
1591	2384585.489
1592	2384437.14
1593	2383042.679
1594	2382871.326
1595	2382697.962
1596	2382526.082
1597	2381590.742
1598	2381442.394
1599	2381217.157
1600	2381054.458
1601	2380902.848
1602	2379239.817
1603	2379005.292
1604	2378521.077
1605	2378360.138
1606	2378143.688
1607	2377961.561
1608	2376453.899
1609	2374430.265
1610	2374153.686
1611	2373934.299
1612	2369184.588
1613	2368923.228
1614	2368726.094
1615	2368574.753
1616	2368392.224
1617	2368079.119
1618	2367933.192
1619	2367463.033
1620	2362306.407
1621	2362151.614
1622	2361976.17
1623	2361822.1
1624	2357720.35
1625	2357581.67
1626	2357430.634
1627	2357264.991
1628	2356768.699
1629	2352506.707
1630	2352307.121
1631	2349230.269
1632	2344657.57
1633	2344502.369
1634	2344348.535
1635	2344202.716
1636	2344062.632
1637	2343946.899
1638	2343792.522
1639	2343647.666
1640	2339916.294
1641	2339728.86
1642	2335922.833
1643	2334864.839
1644	2334723.467
1645	2332606.495
1646	2332467.894
1647	2332228.448
1648	2332086.805
1649	2331746.934
1650	2331113.354
1651	2330978.317
1652	2330826.033
1653	2329767.848
1654	2329545.698
1655	2329411.626
1656	2325599.585
1657	2325462.329
1658	2323251.698
1659	2323104.151
1660	2322963.433
1661	2322818.345
1662	2320888.432
1663	2319928.487
1664	2316887.67
1665	2315853.41
1666	2315715.172
1667	2315557.134
1668	2315416.496
1669	2315237.189
1670	2315106.664
1671	2314942.132
1672	2314662.655
1673	2312020.58
1674	2311777.927
1675	2311633.389
1676	2310308.733
1677	2305829.46
1678	2304169.95
1679	2304046.217
1680	2303943.178
1681	2303737.758
1682	2303463.464
1683	2303333.967
1684	2301603.852
1685	2298134.322
1686	2297969.064
1687	2297849.645
1688	2297443.151
1689	2297327.031
1690	2297192.422
1691	2297058.568
1692	2296936.428
1693	2296809.049
1694	2296659.276
1695	2296537.288
1696	2294122.702
1697	2289741.807
1698	2286497.637
1699	2286355.678
1700	2286236.05
1701	2283494.334
1702	2283327.682
1703	2283076.265
1704	2278474.537
1705	2277037.356
1706	2276888.006
1707	2276766.745
1708	2276543.961
1709	2276409.061
1710	2276277.889
1711	2276090.076
1712	2275965.499
1713	2274218.895
1714	2270274.542
1715	2270132.164
1716	2268779.028
1717	2266058.132
1718	2261463.485
1719	2261222.615
1720	2261098.321
1721	2260986.581
1722	2260869.304
1723	2260752.091
1724	2260635.646
1725	2260523.891
1726	2260296.742
1727	2260185.559
1728	2259999.767
1729	2259902.741
1730	2257097.908
1731	2256996.725
1732	2256906.473
1733	2256812.065
1734	2256716.974
1735	2252149.394
1736	2252021.432
1737	2251913.859
1738	2251828.7
1739	2251551.165
1740	2251008.602
1741	2250903.266
1742	2250344.385
1743	2246832.161
1744	2246637.201
1745	2242919.202
1746	2240681.486
1747	2240575.546
1748	2240340.218
1749	2240128.324
1750	2238667.056
1751	2238555.779
1752	2238422.17
1753	2234958.326
1754	2231846.188
1755	2228935.474
1756	2228830.43
1757	2228725.043
1758	2228534.454
1759	2228443.034
1760	2228291.412
1761	2228200.287
1762	2228025.102
1763	2224187.014
1764	2224053.585
1765	2223944.551
1766	2221040.581
1767	2220917.193
1768	2220765.201
1769	2220574.812
1770	2220445.95
1771	2217764.972
1772	2213800.541
1773	2213587.796
1774	2213330.404
1775	2209645.74
1776	2209557.134
1777	2209465.222
1778	2209270.888
1779	2209078.114
1780	2208987.558
1781	2208907.021
1782	2208808.564
1783	2208706.493
1784	2208552.311
1785	2208459.622
1786	2208316.375
1787	2208070.354
1788	2204317.103
1789	2204221.146
1790	2204127.34
1791	2201184.815
1792	2197608
1793	2194904.661
1794	2191349.069
1795	2191264.54
1796	2190984.355
1797	2190787.117
1798	2190565.033
1799	2188654.696
1800	2187873.406
1801	2187692.959
1802	2185298.316
1803	2185174.684
1804	2183741.054
1805	2183305.034
1806	2182942.088
1807	2181896.116
1808	2181516.07
1809	2180682.543
1810	2180407.549
1811	2180253.799
1812	2180175.498
1813	2180009.53
1814	2179943.805
1815	2179751.362
1816	2179677.05
1817	2179596.914
1818	2175870.911
1819	2175690.513
1820	2175585.593
1821	2175418.88
1822	2175197.602
1823	2174294.271
1824	2174224.059
1825	2171053.144
1826	2170968.238
1827	2170865.421
1828	2170785.621
1829	2170708.035
1830	2170541.743
1831	2166901.819
1832	2162738.087
1833	2162609.332
1834	2162537.449
1835	2162467.535
1836	2162400.045
1837	2162290.399
1838	2162125.706
1839	2161912.729
1840	2160526.659
1841	2159734.611
1842	2159631.817
1843	2156276.844
1844	2156198.84
1845	2156117.139
1846	2155890.804
1847	2153697.268
1848	2153614.161
1849	2150865.546
1850	2150777.8
1851	2150712.295
1852	2150648.237
1853	2149921.156
1854	2149824.737
1855	2149719.039
1856	2149640.615
1857	2149555.937
1858	2149484.933
1859	2145536.52
1860	2142543.562
1861	2142382.239
1862	2142256.05
1863	2142103.317
1864	2141885.577
1865	2139435.609
1866	2139280.565
1867	2136400.417
1868	2136326.592
1869	2133336.386
1870	2133249.685
1871	2130144.763
1872	2127520.63
1873	2127448.845
1874	2127349.385
1875	2127186.114
1876	2124190.785
1877	2124097.314
1878	2122005.385
1879	2119025.944
1880	2117298.991
1881	2116104.76
1882	2114738.839
1883	2113334.543
1884	2113136.504
1885	2109203.254
1886	2109140.385
1887	2106693.511
1888	2106077.372
1889	2105803.95
1890	2102685.563
1891	2102295.191
1892	2100216.669
1893	2098356.337
1894	2098243.628
1895	2098093.689
1896	2098032.728
1897	2097885.318
1898	2096760.673
1899	2092859.843
1900	2092809.053
1901	2092728.423
1902	2092668.334
1903	2092585.226
1904	2092471.057
1905	2092358.735
1906	2092145.388
1907	2091965.901
1908	2091906.736
1909	2088884.039
1910	2088807.117
1911	2088538.327
1912	2087012.831
1913	2084972.973
1914	2082895.121
1915	2080913.564
1916	2079821.12
1917	2079748.299
1918	2079301.305
1919	2076444.373
1920	2076349.176
1921	2074731.217
1922	2073179.791
1923	2073081.94
1924	2072992.212
1925	2072703.803
1926	2070005.376
1927	2069924.358
1928	2068034.165
1929	2067912.092
1930	2065219.086
1931	2063578.508
1932	2061523.048
1933	2058943.901
1934	2058784.215
1935	2057290.998
1936	2055049.72
1937	2054861.168
1938	2054797.086
1939	2054739.086
1940	2054606.048
1941	2051480.377
1942	2051415.359
1943	2051223.464
1944	2048917.349
1945	2048866.894
1946	2047003.206
1947	2046852.258
1948	2045830.04
1949	2043438.976
1950	2040298.965
1951	2037686.478
1952	2037538.057
1953	2037289.491
1954	2035631.742
1955	2035468.805
1956	2035328.316
1957	2035172.392
1958	2033618.515
1959	2032957.524
1960	2032185.778
1961	2032059.891
1962	2028719.147
1963	2027401.497
1964	2025520.597
1965	2023586.242
1966	2023537.464
1967	2021823.163
1968	2021622.647
1969	2019934.553
1970	2018241.31
1971	2018057.587
1972	2015819.654
1973	2015757.396
1974	2015673.215
1975	2015616.987
1976	2014715.165
1977	2014473.134
1978	2013856.853
1979	2013785.544
1980	2013690.405
1981	2010785.896
1982	2010698
1983	2008820.996
1984	2007256.34
1985	2007125.382
1986	2007065.941
1987	2005745.247
1988	2004070.49
1989	2003922.161
1990	2003844.61
1991	2003804.829
1992	2000798.602
1993	2000721.217
1994	2000622.123
1995	1998738.513
1996	1998019.893
1997	1996038.44
1998	1994105.973
1999	1990922.402
